{
  "metadata": {
    "timestamp": "2026-04-11T19:26:04.652Z",
    "platform": "Linux x64",
    "cpu": "AMD Ryzen 7 5700U with Radeon Graphics",
    "ram_gb": 7.4,
    "node_version": "v24.14.0",
    "num_runs": 100,
    "num_voters": 10,
    "merkle_depth": 20,
    "face_witness_gen": "C++ native",
    "iris_witness_gen": "C++ native",
    "prover": "rapidsnark (C++)"
  },
  "figure1_constraints_and_time": {
    "labels": [
      "Face (Cosine)",
      "Iris (Hamming)"
    ],
    "r1cs_constraints": [
      23012,
      18697
    ],
    "witness_gen_ms": [
      23.444444444444443,
      20.955555555555556
    ],
    "proof_gen_ms": [
      162.35555555555555,
      141.7888888888889
    ],
    "proof_verify_ms": [
      18.822222222222223,
      18.655555555555555
    ],
    "total_prover_ms": [
      185.8,
      162.74444444444444
    ]
  },
  "figure2_storage": {
    "labels": [
      "Face (Cosine)",
      "Iris (Hamming)"
    ],
    "zkey_bytes": [
      10367173,
      8850412
    ],
    "wasm_bytes": [
      3083075,
      3678014
    ],
    "vkey_bytes": [
      4024,
      3843
    ],
    "r1cs_bytes": [
      3304504,
      2613560
    ],
    "proof_bytes": [
      707,
      706
    ]
  },
  "figure3_gas": {
    "labels": [
      "Face (Cosine)",
      "Iris (Hamming)"
    ],
    "verify_gas": [
      221200,
      215050
    ],
    "calldata_gas": [
      7680,
      7168
    ],
    "nullifier_gas": [
      22100,
      22100
    ],
    "total_gas": [
      250980,
      244318
    ]
  },
  "raw_runs": {
    "face": {
      "witness_gen_ms": [
        22,
        22,
        23,
        24,
        22,
        23,
        23,
        22,
        22,
        22,
        22,
        22,
        23,
        23,
        23,
        24,
        23,
        23,
        24,
        22,
        24,
        23,
        24,
        23,
        23,
        24,
        23,
        24,
        24,
        23,
        23,
        23,
        23,
        23,
        23,
        23,
        23,
        23,
        25,
        25,
        23,
        24,
        24,
        24,
        23,
        25,
        23,
        23,
        24,
        23,
        23,
        23,
        23,
        23,
        24,
        24,
        23,
        23,
        23,
        23,
        36,
        23,
        23,
        23,
        23,
        24,
        23,
        24,
        24,
        23,
        24,
        24,
        24,
        22,
        24,
        24,
        25,
        23,
        24,
        24,
        24,
        23,
        23,
        23,
        25,
        24,
        23,
        23,
        23,
        28,
        24,
        24,
        24,
        25,
        24,
        28,
        25,
        25,
        24,
        25
      ],
      "proof_gen_ms": [
        149,
        150,
        153,
        146,
        153,
        151,
        149,
        150,
        150,
        877,
        153,
        152,
        150,
        150,
        146,
        151,
        158,
        155,
        150,
        150,
        151,
        153,
        152,
        153,
        156,
        152,
        153,
        152,
        156,
        159,
        153,
        152,
        155,
        148,
        154,
        156,
        155,
        149,
        162,
        158,
        159,
        157,
        155,
        158,
        159,
        158,
        156,
        160,
        159,
        160,
        163,
        156,
        154,
        155,
        160,
        159,
        161,
        164,
        158,
        161,
        164,
        160,
        162,
        164,
        166,
        172,
        168,
        164,
        165,
        172,
        168,
        169,
        170,
        173,
        171,
        172,
        171,
        175,
        180,
        173,
        173,
        178,
        170,
        177,
        177,
        175,
        175,
        182,
        182,
        177,
        178,
        186,
        213,
        179,
        182,
        189,
        187,
        181,
        185,
        183
      ],
      "proof_verify_ms": [
        19,
        19,
        18,
        19,
        19,
        18,
        19,
        18,
        18,
        1307,
        17,
        19,
        18,
        19,
        16,
        18,
        18,
        18,
        19,
        18,
        17,
        17,
        23,
        20,
        19,
        19,
        18,
        18,
        18,
        18,
        18,
        18,
        17,
        19,
        19,
        18,
        18,
        20,
        18,
        18,
        18,
        33,
        19,
        17,
        17,
        19,
        20,
        18,
        17,
        18,
        19,
        17,
        18,
        17,
        18,
        17,
        18,
        17,
        19,
        17,
        19,
        19,
        20,
        20,
        19,
        19,
        19,
        18,
        20,
        19,
        19,
        18,
        19,
        19,
        19,
        22,
        18,
        19,
        19,
        25,
        22,
        20,
        20,
        20,
        20,
        20,
        21,
        20,
        20,
        20,
        18,
        20,
        29,
        19,
        18,
        19,
        19,
        21,
        20,
        23
      ]
    },
    "iris": {
      "witness_gen_ms": [
        20,
        20,
        20,
        24,
        21,
        21,
        20,
        19,
        20,
        20,
        20,
        20,
        21,
        20,
        20,
        22,
        20,
        20,
        19,
        20,
        20,
        21,
        22,
        21,
        20,
        20,
        20,
        21,
        20,
        21,
        20,
        21,
        20,
        21,
        21,
        22,
        22,
        21,
        21,
        21,
        21,
        21,
        21,
        21,
        20,
        21,
        21,
        21,
        21,
        21,
        21,
        21,
        22,
        21,
        20,
        20,
        21,
        20,
        21,
        21,
        20,
        21,
        21,
        20,
        21,
        21,
        22,
        21,
        21,
        22,
        21,
        20,
        20,
        22,
        21,
        22,
        21,
        21,
        22,
        21,
        22,
        21,
        21,
        21,
        22,
        23,
        22,
        21,
        22,
        22,
        21,
        22,
        33,
        22,
        22,
        22,
        22,
        22,
        22,
        22
      ],
      "proof_gen_ms": [
        129,
        127,
        130,
        132,
        128,
        132,
        134,
        131,
        131,
        137,
        131,
        129,
        136,
        133,
        144,
        132,
        133,
        131,
        131,
        140,
        135,
        134,
        136,
        135,
        134,
        134,
        139,
        136,
        134,
        132,
        133,
        137,
        133,
        137,
        135,
        135,
        134,
        137,
        136,
        132,
        134,
        133,
        134,
        139,
        136,
        136,
        137,
        132,
        138,
        139,
        136,
        138,
        139,
        138,
        134,
        143,
        138,
        144,
        147,
        140,
        145,
        145,
        141,
        146,
        144,
        142,
        145,
        146,
        148,
        155,
        145,
        153,
        150,
        152,
        145,
        152,
        151,
        153,
        153,
        151,
        155,
        154,
        156,
        151,
        157,
        153,
        2179,
        160,
        158,
        154,
        155,
        157,
        174,
        156,
        167,
        157,
        160,
        158,
        160,
        157
      ],