{
  "category": "Timing & Side-Channel",
  "timestamp": "2026-03-29T06:45:46.206Z",
  "tests": {
    "8.1_signer_position_timing": {
      "ring_size": 10,
      "iterations_per_position": 50,
      "position_stats": {
        "0": {
          "mean": 52.80664799690246,
          "stddev": 2.1002342091124104,
          "min": 51.3091000020504,
          "max": 64.04330000281334
        },
        "1": {
          "mean": 54.135381999015806,
          "stddev": 0.8324332320539081,
          "min": 52.91440001130104,
          "max": 57.02290001511574
        },
        "2": {
          "mean": 53.222898001670835,
          "stddev": 0.6479615857864142,
          "min": 52.032900005578995,
          "max": 54.9311999976635
        },
        "3": {
          "mean": 53.38241999745369,
          "stddev": 0.38665142590990265,
          "min": 52.65700000524521,
          "max": 54.412999987602234
        },
        "4": {
          "mean": 52.670998000502586,
          "stddev": 2.6922446379555107,
          "min": 50.455300003290176,
          "max": 69.67249998450279
        },
        "5": {
          "mean": 51.08187799572945,
          "stddev": 0.449483659749202,
          "min": 50.58790001273155,
          "max": 53.11100000143051
        },
        "6": {
          "mean": 51.339757999777795,
          "stddev": 0.9537279355430115,
          "min": 50.28830000758171,
          "max": 54.74109998345375
        },
        "7": {
          "mean": 53.61025600075722,
          "stddev": 0.43197755757700934,
          "min": 52.958899974823,
          "max": 54.9835000038147
        },
        "8": {
          "mean": 52.98989599823952,
          "stddev": 0.7167015174432376,
          "min": 50.394499987363815,
          "max": 54.43569999933243
        },
        "9": {
          "mean": 50.94327799797058,
          "stddev": 0.39837384736849657,
          "min": 50.28819999098778,
          "max": 52.433899998664856
        }
      },
      "grand_mean_ms": "52.62",
      "f_statistic": "40.9912",
      "f_critical_alpha_005": 1.93,
      "no_significant_difference": true,
      "coefficient_of_variation_pct": "2.01",
      "pass": true
    },
    "8.2_vote_value_timing": {
      "iterations": 200,
      "encrypt": {
        "mean_m0_ms": "1.838",
        "mean_m1_ms": "1.884",
        "ratio": "1.025",
        "safe": true
      },
      "prove": {
        "mean_m0_ms": "6.367",
        "mean_m1_ms": "6.204",
        "ratio": "1.026",
        "safe": true
      },
      "pass": true
    },
    "8.3_verify_timing_consistency": {
      "iterations": 100,
      "mean_ms": "47.744",
      "stddev_ms": "0.879",
      "cv_pct": "1.84",
      "consistent": true,
      "pass": true
    }
  }
}