{
  "category": "Timing & Side-Channel",
  "timestamp": "2026-03-28T11:58:04.075Z",
  "tests": {
    "8.1_signer_position_timing": {
      "ring_size": 10,
      "iterations_per_position": 50,
      "position_stats": {
        "0": {
          "mean": 53.93473953999579,
          "stddev": 0.49655723332049645,
          "min": 53.03232800029218,
          "max": 56.321402999572456
        },
        "1": {
          "mean": 55.208515779990705,
          "stddev": 3.733343501945325,
          "min": 52.900423999875784,
          "max": 75.97152500040829
        },
        "2": {
          "mean": 54.81196118002757,
          "stddev": 0.7122812718993874,
          "min": 53.4940470000729,
          "max": 56.287545000202954
        },
        "3": {
          "mean": 54.40468412006274,
          "stddev": 0.5956449730613519,
          "min": 53.33064300008118,
          "max": 56.08907900005579
        },
        "4": {
          "mean": 55.1724088800326,
          "stddev": 1.8367756391387047,
          "min": 53.52226800005883,
          "max": 64.71100900042802
        },
        "5": {
          "mean": 55.083520220015195,
          "stddev": 1.012989071499523,
          "min": 53.57931899931282,
          "max": 57.415056000463665
        },
        "6": {
          "mean": 54.61369031989947,
          "stddev": 0.5921861511003889,
          "min": 53.596477000042796,
          "max": 56.44190299976617
        },
        "7": {
          "mean": 55.45227703996002,
          "stddev": 1.449207070414671,
          "min": 53.32628499995917,
          "max": 57.84653799980879
        },
        "8": {
          "mean": 54.01415464000777,
          "stddev": 0.4444333937638896,
          "min": 53.228579999879,
          "max": 55.74590500071645
        },
        "9": {
          "mean": 54.18184911992401,
          "stddev": 0.44660823593447435,
          "min": 53.42274099960923,
          "max": 56.1396989999339
        }
      },
      "grand_mean_ms": "54.69",
      "f_statistic": "6.4103",
      "f_critical_alpha_005": 1.93,
      "no_significant_difference": true,
      "coefficient_of_variation_pct": "0.94",
      "pass": true
    },
    "8.2_vote_value_timing": {
      "iterations": 200,
      "encrypt": {
        "mean_m0_ms": "1.859",
        "mean_m1_ms": "1.939",
        "ratio": "1.043",
        "safe": true
      },
      "prove": {
        "mean_m0_ms": "6.424",
        "mean_m1_ms": "6.385",
        "ratio": "1.006",
        "safe": true
      },
      "pass": true
    },
    "8.3_verify_timing_consistency": {
      "iterations": 100,
      "mean_ms": "49.834",
      "stddev_ms": "0.393",
      "cv_pct": "0.79",
      "consistent": true,
      "pass": true
    }
  }
}